nodeID,EgdeCount
"""P30926""",1
"""Q9UKV3""",2
"""O94805""",1
"""P26439""",1
"""Q13131""",3
"""P63151""",2
"""Q96AP0""",3
"""P31946""",2
"""Q15822""",1
"""O43741""",3
"""O60706""",1
"""Q6UWZ7""",1
"""Q9H221""",1
"""Q9Y478""",1
"""O75077""",1
"""P36544""",2
"""Q9P0K1""",1
"""P12814""",2
"""Q9NRA8""",1
"""P27348""",5
"""Q9UGM1""",1
"""P62736""",2
"""P62258""",7
"""P54619""",3
"""P43681""",1
"""Q07912""",1
"""Q9NY61""",1
"""Q15018""",2
"""P00519""",3
"""P30154""",1
"""P01011""",1
"""P28222""",3
"""Q9H222""",1
"""Q15172""",1
"""P17787""",1
"""P28221""",4
"""Q7Z5R6""",4
"""Q04917""",1
"""P63267""",1
"""Q15027""",1
"""O43707""",5
"""P42684""",1
"""P54646""",2
"""P61981""",2
"""Q9P2A4""",1
"""Q9UGI9""",1
"""P08908""",7
"""Q9UKU7""",1
"""P30153""",9
"""O14561""",2
"""P01009""",2
"""P12821""",1
"""Q9UG63""",1
"""Q8IZP0""",8
"""P63104""",2
"""Q9GZZ6""",1
"""P35348""",1
"""P01023""",1
"""P05067""",13
"""Q13444""",3
"""P08195""",2
"""P60709""",22
"""O43184""",2
"""P63261""",3
"""Q676U5""",1
"""O96019""",31
"""Q12904""",2
"""Q99996""",1
"""Q9HCK5""",1
"""Q9H8T0""",4
"""P00813""",2
"""P35858""",1
"""Q9UKV8""",5
"""Q12802""",1
"""P39687""",5
"""O95831""",1
"""P08588""",3
"""Q9Y653""",1
"""Q09666""",1
"""Q9BXJ7""",1
"""Q92667""",1
"""Q8WXG9""",1
"""P51825""",2
"""Q6ZN18""",1
"""Q13155""",1
"""P07550""",4
"""Q9UHB7""",1
"""P05141""",4
"""P42568""",1
"""Q92688""",3
"""P24588""",4
"""Q8N157""",3
"""Q9Y2J4""",1
"""Q4VCS5""",3
"""Q8IY63""",1
"""Q13443""",2
"""P31749""",9
"""P55196""",1
"""Q9ULX6""",1
"""Q02952""",1
"""Q15848""",1
"""Q9HAR2""",3
"""P35869""",1
"""P35612""",1
"""O43918""",1
"""P78325""",1
"""P31751""",2
"""Q9Y4W6""",1
"""P08913""",1
"""Q9UKV5""",4
"""O00116""",1
"""Q96IF1""",4
"""O15084""",1
"""O14617""",5
"""O60306""",2
"""P10275""",6
"""P10398""",1
"""O00189""",1
"""Q10567""",3
"""P08133""",1
"""P53677""",4
"""Q92888""",2
"""O14744""",25
"""Q13367""",2
"""O14727""",2
"""O43299""",2
"""O15143""",1
"""Q9Y6B7""",1
"""Q96BI3""",7
"""Q8NFD5""",3
"""O75843""",3
"""O95782""",2
"""Q9BXS5""",3
"""Q2VPB7""",2
"""Q9UM13""",1
"""Q63HQ0""",1
"""Q9H9E1""",1
"""P07355""",1
"""P25054""",10
"""Q12955""",1
"""Q9Y587""",1
"""Q68DC2""",1
"""O14791""",2
"""Q8N726""",1
"""P59780""",3
"""Q9H0R1""",2
"""P01019""",2
"""P55087""",2
"""Q4LE39""",6
"""Q9BY76""",3
"""Q9UPM8""",1
"""P02647""",2
"""Q9NVM4""",1
"""P36404""",3
"""Q8WW43""",2
"""Q92572""",3
"""O43747""",4
"""P40616""",1
"""P61966""",3
"""P53365""",1
"""Q9UJX5""",1
"""Q9UJX3""",2
"""Q9UJX4""",1
"""Q15052""",2
"""Q99873""",3
"""Q6UB99""",1
"""P27695""",2
"""Q92754""",1
"""P05549""",1
"""Q9Y2T2""",2
"""P03950""",1
"""P56377""",2
"""O00213""",3
"""P55345""",2
"""Q86VW2""",1
"""Q92974""",2
"""P84077""",1
"""Q9Y6Q5""",2
"""Q6ZSZ5""",1
"""Q96PC3""",2
"""Q68CP9""",1
"""Q9NUS5""",2
"""Q02410""",2
"""Q14155""",4
"""Q9H1A4""",1
"""Q96CW1""",2
"""Q9UJX6""",1
"""P29972""",1
"""O14497""",19
"""P29374""",1
"""P20073""",1
"""O00203""",3
"""Q9BZZ5""",2
"""P61160""",1
"""P15336""",1
"""Q9Y294""",5
"""P30049""",1
"""P48047""",1
"""P05496""",1
"""Q07817""",1
"""Q8IXJ9""",1
"""Q8N3C0""",1
"""Q9H6S1""",1
"""Q8WXF7""",3
"""O14965""",6
"""P18847""",1
"""P24539""",1
"""Q9H981""",1
"""O75143""",6
"""Q8N9N2""",1
"""Q9H1I8""",1
"""Q13510""",2
"""P46100""",1
"""P18859""",1
"""P49407""",1
"""P59998""",1
"""P25705""",1
"""P56381""",1
"""P18848""",1
"""Q9GZN1""",1
"""Q5T6C5""",1
"""Q9H9F9""",1
"""O15145""",1
"""Q96GD4""",8
"""P16615""",4
"""P54253""",1
"""Q9NVP2""",4
"""P32121""",3
"""P56385""",1
"""P56134""",1
"""Q9ULK2""",1
"""Q96DX5""",1
"""O14983""",2
"""Q9UII2""",1
"""Q9H672""",1
"""Q9Y679""",2
"""Q9NWX5""",1
"""P00846""",1
"""P27540""",4
"""Q6DD88""",2
"""Q9UBL3""",21
"""O75947""",1
"""O15144""",1
"""Q9ULZ3""",3
"""Q13535""",3
"""Q9ULH1""",1
"""Q9BVC5""",1
"""Q96KQ4""",1
"""P51164""",1
"""Q8IUR7""",1
"""Q96Q27""",1
"""O15265""",2
"""O75964""",2
"""Q9Y576""",1
"""P61158""",2
"""Q8NHH9""",2
"""Q8WXK4""",1
"""P03928""",1
"""Q9BSB4""",3
"""P36542""",1
"""P05026""",2
"""Q13315""",5
"""Q8WXE1""",1
"""O15169""",17
"""P06576""",1
"""P17544""",1
"""P20648""",1
"""Q5T4W7""",1
"""Q14CW9""",3
"""O15511""",1
"""Q9BXC9""",2
"""P36894""",1
"""P46379""",3
"""Q96GS4""",1
"""Q96FH0""",1
"""Q8N9N5""",2
"""A6H8Y1""",1
"""Q9UIF9""",2
"""Q6QNY0""",3
"""Q969J3""",1
"""Q96RK4""",4
"""Q13075""",1
"""Q9NUP1""",4
"""Q9H0E9""",4
"""Q96G97""",3
"""Q9UL15""",1
"""O60885""",4
"""Q9P287""",1
"""Q8WUW1""",1
"""A8MTZ0""",2
"""P54132""",10
"""O15392""",10
"""Q96B45""",1
"""Q9UL45""",5
"""Q13489""",1
"""P55201""",1
"""Q9NXR7""",1
"""Q6ZNE5""",1
"""Q9H3K6""",1
"""P12643""",3
"""P38398""",34
"""Q53HL2""",3
"""Q9NPI1""",5
"""Q5VTR2""",1
"""Q13490""",2
"""P02730""",1
"""O95817""",1
"""Q5PSV4""",1
"""O00499""",1
"""O14867""",4
"""Q8TDH9""",3
"""Q12830""",1
"""Q6ZW61""",2
"""Q9ULD4""",1
"""Q8IWZ6""",3
"""Q6W2J9""",1
"""P35226""",6
"""O00327""",5
"""Q8N3I7""",2
"""Q15582""",1
"""O95999""",7
"""P35613""",3
"""Q8TD16""",1
"""P15056""",6
"""Q8IXM2""",1
"""Q14457""",1
"""O75150""",1
"""Q99933""",2
"""Q16611""",1
"""Q9NRL2""",3
"""Q9H503""",4
"""Q8NFJ9""",3
"""Q8TDN6""",1
"""P46736""",1
"""P10415""",5
"""Q8TAM1""",1
"""P53004""",1
"""Q6QNY1""",5
"""Q14137""",2
"""P20749""",1
"""Q9HCU9""",3
"""Q9BXY8""",1
"""Q9UIG0""",3
"""Q07812""",1
"""P51587""",4
"""P16278""",1
"""Q9NZS9""",1
"""Q99728""",14
"""P11021""",8
"""P41182""",6
"""P12644""",3
"""O00512""",1
"""P56945""",9
"""P78537""",5
"""Q8WV28""",1
"""O95696""",1
"""O75531""",5
"""Q12982""",1
"""P56817""",1
"""P19022""",1
"""Q9BRD0""",1
"""P63098""",2
"""Q9Y376""",1
"""P41223""",1
"""O43684""",2
"""P27797""",4
"""P49069""",1
"""Q9BXL7""",2
"""O60566""",1
"""P12830""",9
"""P02746""",1
"""Q86VP6""",5
"""Q7L1Q6""",1
"""P55287""",1
"""Q14444""",1
"""Q9BY67""",1
"""Q16602""",3
"""Q9P2K1""",1
"""Q13901""",1
"""Q01518""",1
"""Q06187""",1
"""Q07021""",6
"""P33151""",5
"""P27824""",1
"""P07384""",2
"""P47756""",5
"""O00555""",1
"""O43683""",1
"""P02747""",1
"""P02745""",1
"""O75052""",1
"""Q13111""",5
"""Q9Y6J0""",3
"""Q13112""",4
"""Q9H251""",1
"""P40121""",1
"""P55211""",1
"""Q567U6""",7
"""Q03135""",6
"""P22681""",15
"""Q14781""",1
"""O15234""",4
"""P52907""",4
"""Q13191""",2
"""P20248""",8
"""Q15834""",1
"""P42575""",1
"""P14635""",11
"""P15169""",1
"""Q9Y698""",5
"""P41002""",2
"""P48745""",2
"""Q14790""",11
"""P51946""",6
"""P29279""",1
"""Q8WUQ7""",2
"""Q86X55""",1
"""Q8N163""",4
"""Q8IX12""",1
"""Q9H0W5""",3
"""P30279""",4
"""P30281""",5
"""P78396""",1
"""O95067""",2
"""O75909""",1
"""Q9BSQ5""",2
"""Q9Y2G2""",2
"""P08311""",2
"""P24863""",19
"""P29466""",3
"""Q96KX2""",1
"""Q13185""",3
"""Q92793""",21
"""Q9HC52""",3
"""P56539""",1
"""O00257""",3
"""P24864""",4
"""P45973""",2
"""Q14511""",1
"""P24385""",10
"""O60583""",2
"""O60563""",12
"""P51878""",1
"""O60826""",8
"""O00622""",2
"""Q92851""",4
"""Q53HC0""",1
"""P01732""",1
"""A8MT69""",2
"""Q8N0S6""",4
"""P10747""",1
"""Q9BU64""",3
"""P15391""",2
"""Q9NSP4""",4
"""P50613""",7
"""Q13352""",2
"""Q7L2Z9""",2
"""Q9Y6A4""",1
"""P06493""",14
"""Q9UPV0""",3
"""P07199""",2
"""O95400""",1
"""Q96H22""",4
"""Q92903""",1
"""P46527""",2
"""Q8IWY9""",1
"""Q96BT3""",5
"""P19397""",1
"""P00450""",3
"""Q96NB1""",1
"""P11836""",2
"""Q9NYV4""",1
"""P60033""",2
"""Q00526""",1
"""P11802""",10
"""P30260""",2
"""P60953""",3
"""P21926""",4
"""P48509""",4
"""Q08722""",7
"""Q96FF9""",1
"""Q9Y232""",1
"""P16070""",2
"""Q9H3R5""",5
"""P42771""",1
"""P38936""",9
"""Q99626""",1
"""Q13042""",2
"""Q6IPU0""",2
"""Q9Y5K6""",1
"""Q12834""",2
"""Q92674""",3
"""Q15744""",1
"""Q00535""",1
"""Q9H5V8""",2
"""Q99741""",2
"""Q71F23""",4
"""O15078""",3
"""P50750""",16
"""P49336""",21
"""Q99459""",5
"""P49715""",1
"""Q03188""",4
"""Q9BWU1""",1
"""Q00534""",6
"""Q9BS16""",3
"""P20963""",1
"""O00311""",1
"""P49450""",3
"""Q5EE01""",2
"""Q53EZ4""",1
"""Q9BXF3""",1
"""Q9H211""",3
"""P08962""",3
"""Q16543""",12
"""P17676""",1
"""P24941""",9
"""Q6P1J9""",1
"""Q8N2Z9""",3
"""Q9UJX2""",1
"""Q9ULY5""",2
"""O15519""",3
"""Q14011""",1
"""Q8N5K1""",1
"""Q14839""",12
"""Q9Y375""",6
"""O95832""",2
"""P30622""",1
"""O43633""",1
"""P61024""",3
"""Q9NRG0""",1
"""Q9NZA1""",1
"""Q96LT7""",3
"""Q99966""",2
"""Q9H6Q4""",1
"""Q96MD2""",1
"""Q8IWX8""",1
"""Q12873""",7
"""Q8NE62""",1
"""Q9Y3E7""",1
"""P13569""",3
"""Q9BY43""",1
"""Q9H444""",1
"""Q9HD42""",1
"""Q9UQN3""",1
"""Q99828""",1
"""Q7LBR1""",1
"""O76071""",4
"""O96017""",1
"""O15335""",1
"""O75390""",1
"""Q9NZZ3""",1
"""P10809""",2
"""Q14008""",1
"""Q9Y3D0""",5
"""Q9Y3Y2""",1
"""Q9UNE7""",4
"""Q96FZ7""",1
"""Q96RK0""",1
"""Q96CF2""",1
"""Q9HCK8""",1
"""Q00610""",5
"""O14757""",2
"""Q6IBW4""",1
"""Q9UBI1""",2
"""Q9UKZ1""",5
"""Q8N668""",7
"""O15516""",2
"""Q53SF7""",1
"""Q9Y2R0""",2
"""Q9UPN4""",1
"""P78357""",1
"""P35606""",1
"""Q9H9A5""",5
"""P83436""",5
"""P20674""",1
"""P00414""",1
"""Q7Z4G1""",3
"""Q9GZQ3""",2
"""Q9Y6G5""",2
"""Q9UFF9""",2
"""Q9NZN8""",6
"""Q9UP83""",5
"""Q9Y2V7""",4
"""Q96MW5""",5
"""Q86X83""",2
"""Q86VX2""",2
"""Q01955""",1
"""P12111""",3
"""Q9NX08""",4
"""Q15021""",2
"""Q9H9E3""",3
"""Q15417""",1
"""Q9P000""",2
"""Q16740""",2
"""Q8WTW3""",4
"""Q9GZY4""",1
"""P01024""",2
"""P26441""",1
"""Q96JB2""",3
"""P23528""",1
"""Q92828""",2
"""A5YKK6""",7
"""P00403""",3
"""P42695""",1
"""Q7KZN9""",1
"""O76031""",2
"""Q92600""",5
"""Q9BPX3""",2
"""P13073""",1
"""Q86XI2""",1
"""Q96I36""",1
"""Q15003""",2
"""Q969H4""",4
"""Q7Z7K0""",1
"""Q9P0S2""",1
"""P38432""",1
"""Q92989""",3
"""P02452""",1
"""Q8NHY2""",1
"""P39060""",1
"""P00395""",3
"""P26992""",1
"""Q96LI5""",3
"""Q9ULM6""",3
"""O75175""",6
"""P09669""",1
"""Q9H0A8""",2
"""P24468""",1
"""O43303""",1
"""Q9UIV1""",3
"""Q14746""",3
"""Q9NQ92""",2
"""Q9NSA3""",1
"""O43809""",5
"""Q99627""",6
"""P68400""",4
"""Q6UX04""",1
"""P15509""",2
"""Q05048""",3
"""P46108""",6
"""Q9UBT7""",2
"""O75534""",1
"""Q7L5N1""",5
"""Q96SW2""",1
"""Q9H8E8""",2
"""P02511""",1
"""O95639""",1
"""Q9UKF6""",3
"""Q2NKJ3""",1
"""P22792""",1
"""Q8WVB6""",7
"""P67870""",5
"""Q96D31""",1
"""Q16526""",2
"""Q13619""",20
"""Q16630""",5
"""Q93034""",7
"""Q9UQB3""",1
"""Q9UNS2""",5
"""Q9BT78""",5
"""Q6PUV4""",1
"""Q13617""",7
"""O60716""",2
"""Q13363""",7
"""P56545""",3
"""P46109""",3
"""P49711""",4
"""P19784""",4
"""Q9HCG8""",2
"""Q49AN0""",1
"""P23508""",1
"""Q9BZJ0""",2
"""Q7Z7G2""",2
"""Q8WVH0""",4
"""P16220""",5
"""P82279""",2
"""P61201""",6
"""Q10570""",2
"""Q13618""",21
"""Q8IWT3""",1
"""Q9UBW8""",5
"""P35222""",38
"""Q14999""",4
"""Q13616""",34
"""Q99062""",1
"""Q6PD62""",1
"""Q9P2I0""",4
"""Q13620""",8
"""P04141""",2
"""Q99708""",9
"""O14810""",4
"""P20023""",1
"""Q9Y5B0""",2
"""P35221""",2
"""Q6WN34""",2
"""O14936""",5
"""P78560""",1
"""O60494""",2
"""O43310""",1
"""Q8N684""",1
"""Q13098""",7
"""P33240""",4
"""Q9P013""",3
"""Q6UVK1""",1
"""P0CG13""",5
"""Q8WYA6""",1
"""Q12996""",3
"""Q92905""",5
"""P04632""",1
"""Q9HB71""",1
"""Q7L5Y6""",1
"""Q9UBU7""",1
"""Q7L014""",2
"""P17844""",6
"""Q9Y6G9""",3
"""Q92841""",3
"""Q86XP3""",1
"""P25025""",4
"""Q9NPI6""",3
"""Q13574""",1
"""Q9GZP9""",4
"""Q96PD7""",1
"""Q86Y56""",1
"""Q9Y4B6""",1
"""Q9BUN8""",7
"""Q9BVC3""",6
"""O95452""",1
"""Q9BUQ8""",3
"""Q96EX3""",1
"""Q08345""",1
"""O94850""",1
"""O75140""",2
"""Q92466""",3
"""Q9NUL7""",1
"""P61803""",2
"""Q9P0U4""",2
"""O75398""",1
"""Q9UJV9""",2
"""Q7L576""",3
"""Q96FC9""",2
"""O95786""",1
"""Q8WYQ5""",4
"""Q08495""",2
"""Q9UHI6""",7
"""P61073""",3
"""P99999""",2
"""Q9NR30""",3
"""Q14118""",2
"""Q8WVS4""",1
"""Q9NQC7""",1
"""Q8IU60""",3
"""P35659""",2
"""Q96SD1""",1
"""P29033""",1
"""Q8TCX1""",1
"""O14576""",3
"""Q92499""",2
"""Q14203""",2
"""P11926""",1
"""Q9UER7""",7
"""O43739""",1
"""P26196""",2
"""O75712""",1
"""P35638""",1
"""Q9NX09""",1
"""O00571""",3
"""Q96GQ7""",1
"""Q9UHG0""",1
"""Q16531""",27
"""Q8TF09""",1
"""Q08211""",9
"""Q8N608""",1
"""O94777""",1
"""O00429""",3
"""O00548""",4
"""Q07864""",4
"""Q9UBC3""",4
"""P09622""",1
"""Q9UPY3""",4
"""Q7L2E3""",2
"""Q13217""",1
"""Q9Y6K1""",3
"""Q92608""",1
"""Q9UKG1""",2
"""O43143""",5
"""P18858""",3
"""P26358""",9
"""P49916""",6
"""Q9P2X0""",1
"""O94907""",1
"""Q99615""",1
"""Q9HCU8""",5
"""O60231""",2
"""Q14194""",1
"""P28340""",7
"""O75937""",2
"""P49005""",5
"""Q8NF50""",1
"""Q9NP97""",1
"""Q9UJW3""",2
"""O60832""",1
"""Q9NVH1""",1
"""Q14185""",4
"""Q12959""",6
"""P25685""",1
"""Q86SQ9""",1
"""P49917""",7
"""Q6Y2X3""",1
"""P56282""",2
"""P25686""",1
"""P78352""",4
"""Q9H5Z1""",1
"""O60610""",1
"""P06746""",4
"""O14490""",3
"""P09884""",8
"""Q155Q3""",1
"""Q8TDM6""",2
"""Q9NRI5""",8
"""P27487""",1
"""P21917""",1
"""Q15054""",5
"""Q96N67""",1
"""P14416""",1
"""Q9C005""",9
"""O60762""",1
"""Q14181""",6
"""Q9NPF5""",7
"""Q14562""",2
"""Q9NR33""",3
"""Q9NRF9""",4
"""P13639""",1
"""O00148""",1
"""O75822""",4
"""P25101""",1
"""O00472""",1
"""P43004""",1
"""P50570""",1
"""Q01094""",7
"""P41970""",1
"""Q5THR3""",1
"""P55265""",1
"""Q9H9B1""",4
"""Q0PNE2""",1
"""P26641""",1
"""O75530""",8
"""Q14204""",3
"""Q9H9T3""",3
"""Q96CJ1""",1
"""Q15075""",2
"""O15372""",2
"""P49770""",2
"""Q9Y4J8""",2
"""Q16254""",9
"""Q9NZJ0""",2
"""P40939""",1
"""Q9H8V3""",1
"""P28324""",2
"""Q96EV8""",7
"""Q96FJ2""",2
"""P15502""",2
"""Q05193""",1
"""P08246""",1
"""P17813""",1
"""Q96EB1""",2
"""Q13347""",7
"""P98172""",1
"""P05305""",1
"""P19419""",3
"""Q15717""",1
"""Q14152""",5
"""P60228""",2
"""P51808""",1
"""Q8TDB6""",3
"""Q9H6Z9""",1
"""Q9Y262""",3
"""Q99613""",3
"""Q9H410""",1
"""Q6IA86""",3
"""O14640""",4
"""P55199""",1
"""Q9HAF1""",11
"""Q96F86""",1
"""Q9UI10""",2
"""P49411""",1
"""P55084""",1
"""O14641""",2
"""Q6P2E9""",1
"""Q9BQ95""",4
"""Q7L2H7""",1
"""Q14232""",1
"""Q9NR50""",2
"""Q8WW35""",1
"""O75821""",6
"""Q86YF9""",3
"""Q15329""",6
"""Q96JC9""",1
"""P68104""",2
"""Q8TE02""",1
"""Q9UBQ5""",2
"""O95163""",4
"""O75923""",1
"""Q9GZT9""",1
"""O00303""",2
"""Q8NCM8""",1
"""Q13144""",2
"""Q13838""",2
"""Q15369""",15
"""P63172""",1
"""Q92630""",1
"""O15371""",2
"""Q92556""",4
"""Q9HB65""",1
"""Q15370""",15
"""Q96KQ7""",6
"""P18146""",1
"""P55884""",9
"""Q96KS0""",1
"""Q9Y2J2""",1
"""P63167""",4
"""O75461""",2
"""Q99848""",1
"""Q8NDI1""",1
"""P00533""",12
"""P18074""",6
"""Q86US8""",1
"""Q9Y6I3""",1
"""Q92731""",2
"""O94905""",3
"""Q9Y6C2""",1
"""Q96L91""",5
"""P14921""",2
"""Q96KP1""",2
"""P01588""",1
"""Q03111""",4
"""P19447""",6
"""Q9H4I9""",1
"""Q8IYD1""",1
"""A0FGR9""",1
"""Q93063""",1
"""P50502""",1
"""Q8TE67""",1
"""Q15910""",8
"""P49961""",1
"""Q8N8S7""",1
"""P62495""",2
"""Q03468""",1
"""Q9UQ84""",2
"""Q99502""",2
"""Q9H6S3""",1
"""Q7Z589""",1
"""Q5FWF5""",1
"""Q9NPA8""",1
"""Q99814""",2
"""Q12929""",1
"""P11308""",2
"""Q8TE68""",1
"""Q9NZ08""",1
"""Q14674""",2
"""P21860""",1
"""Q8TAG9""",4
"""Q09472""",22
"""Q01780""",1
"""O75477""",1
"""Q13868""",2
"""A0FGR8""",1
"""P11171""",1
"""P19235""",2
"""Q15024""",1
"""Q06265""",1
"""Q9NPD3""",2
"""Q96DF8""",2
"""O60447""",1
"""Q9Y3B2""",1
"""P04626""",4
"""Q16394""",1
"""P84090""",2
"""P21709""",1
"""P15036""",4
"""P50402""",9
"""P07992""",4
"""Q13216""",2
"""P16422""",1
"""Q9NQT5""",1
"""Q9BSJ8""",2
"""Q9H2F5""",5
"""Q01844""",2
"""Q96A65""",2
"""P14625""",1
"""Q9UPT5""",3
"""Q52LR7""",1
"""Q9NV70""",2
"""O00471""",4
"""Q8IYI6""",2
"""P15170""",2
"""P03372""",19
"""Q9NQT4""",1
"""O60645""",2
"""Q6P179""",1
"""P15311""",5
"""Q00013""",1
"""P29317""",1
"""Q96DZ1""",1
"""Q96B26""",1
"""Q5RKV6""",1
"""P42566""",2
"""O15287""",6
"""Q9NYY8""",1
"""Q969H0""",5
"""O15360""",6
"""Q8IYD8""",2
"""Q14289""",3
"""Q96AC1""",2
"""Q9BXW9""",2
"""P16591""",1
"""Q9NRD1""",1
"""Q9UKT8""",1
"""P39748""",2
"""Q9UBU6""",1
"""P98095""",1
"""Q8NI29""",1
"""O94887""",4
"""P06734""",1
"""P00742""",2
"""Q13158""",12
"""Q52LJ0""",1
"""Q9H4M3""",1
"""Q9BX63""",1
"""Q9HB96""",5
"""Q9UKB1""",4
"""Q05397""",12
"""P30273""",1
"""Q7L8L6""",1
"""Q9NPI8""",6
"""Q9UBX5""",1
"""P35555""",2
"""Q9BTP7""",1
"""Q5XUX0""",1
"""Q9NW38""",5
"""Q96EF6""",1
"""P08709""",2
"""Q9UK96""",1
"""P22087""",4
"""Q8N612""",1
"""Q8N3Y1""",3
"""Q86XK2""",1
"""Q00597""",6
"""Q96CS3""",3
"""Q8NFZ0""",1
"""Q01362""",1
"""Q99689""",2
"""Q8NB91""",4
"""Q9UKT7""",2
"""Q9Y297""",7
"""Q9NVI1""",1
"""P12314""",2
"""P09038""",1
"""P06241""",8
"""Q13467""",1
"""Q9UIM3""",1
"""P02671""",1
"""P02679""",1
"""Q8NFG4""",1
"""Q6UN15""",1
"""Q15007""",2
"""Q13451""",3
"""Q16595""",1
"""Q9NZU0""",3
"""Q96AY3""",1
"""P49354""",1
"""P02675""",1
"""Q7Z7B0""",2
"""P02794""",1
"""P98177""",2
"""Q92945""",1
"""Q9UN86""",1
"""P11362""",4
"""P02792""",1
"""Q92562""",1
"""Q9NSA1""",2
"""Q13642""",1
"""Q14331""",1
"""P22455""",3
"""P04406""",3
"""O43524""",7
"""Q14318""",2
"""P01100""",5
"""O75593""",4
"""Q14254""",1
"""Q9Y3D6""",1
"""Q08050""",1
"""P49356""",1
"""P51114""",1
"""P21802""",1
"""Q12778""",5
"""Q13643""",3
"""Q0VG06""",3
"""O95750""",1
"""Q5TD97""",4
"""P21333""",1
"""P02751""",6
"""Q9BZS1""",1
"""P35637""",2
"""P09958""",1
"""P55316""",1
"""O75955""",1
"""Q68CZ1""",1
"""O15117""",1
"""Q14192""",7
"""P62942""",1
"""Q5T1M5""",1
"""Q01543""",1
"""Q9P278""",1
"""P05230""",2
"""Q13283""",1
"""P53539""",1
"""Q9Y2I7""",1
"""Q9ULV1""",1
"""P18507""",1
"""P14867""",2
"""Q8TEQ6""",3
"""P34896""",1
"""P63215""",9
"""P47870""",2
"""P06396""",1
"""P43694""",1
"""Q9UBI6""",9
"""O95257""",1
"""Q96CW5""",2
"""Q92990""",1
"""O60262""",10
"""P48167""",1
"""P63218""",10
"""Q03113""",1
"""P04921""",1
"""P16383""",1
"""O14764""",1
"""P34897""",1
"""P62879""",22
"""Q9BSJ2""",2
"""O75496""",3
"""P23415""",1
"""O43716""",1
"""P29992""",2
"""Q9H0R6""",1
"""P16520""",21
"""P10071""",1
"""P62873""",34
"""Q9UBS5""",1
"""Q9HAV0""",22
"""Q02108""",1
"""P50150""",10
"""O60609""",1
"""Q9NY12""",1
"""Q9BZE0""",3
"""Q9UK08""",10
"""O75293""",1
"""Q53GS7""",1
"""Q8TAK5""",1
"""Q9UGJ1""",1
"""P34059""",1
"""P24522""",1
"""Q8WXD5""",1
"""Q96RT8""",1
"""Q99684""",3
"""Q9H840""",1
"""O75879""",1
"""P14672""",1
"""Q9NWU2""",3
"""Q92616""",2
"""P04150""",4
"""O75899""",2
"""Q96RT7""",1
"""Q14161""",1
"""P59768""",20
"""Q9P2W3""",10
"""Q8NEA6""",1
"""P61952""",10
"""O14893""",8
"""Q02153""",2
"""Q9Y2X7""",4
"""Q7L5D6""",1
"""P50151""",10
"""Q13480""",1
"""P33402""",1
"""Q99988""",1
"""O14908""",2
"""O76003""",1
"""P63211""",9
"""P57678""",8
"""P42262""",4
"""P42261""",2
"""Q14451""",1
"""P28799""",1
"""Q8TAA5""",4
"""Q6FI13""",1
"""P78347""",4
"""P07203""",1
"""Q96QV6""",1
"""Q8NBJ5""",1
"""P48506""",1
"""P38646""",5
"""O95837""",1
"""P07359""",2
"""P49841""",13
"""Q12849""",1
"""P48507""",1
"""P63092""",53
"""O14775""",20
"""Q13227""",5
"""Q9BQ67""",1
"""P04899""",1
"""Q3V6T2""",1
"""Q8NDV2""",1
"""P16402""",2
"""Q92643""",1
"""O95267""",1
"""Q9BVP2""",1
"""Q9BRR8""",1
"""Q14687""",3
"""P81274""",3
"""Q9HD26""",1
"""Q9HAV7""",4
"""Q9BQQ3""",1
"""Q9P0R6""",3
"""P11166""",1
"""Q02539""",3
"""Q14344""",1
"""Q9Y3R0""",4
"""Q92522""",1
"""P63096""",58
"""O43292""",1
"""Q13255""",1
"""Q92896""",1
"""P28676""",1
"""Q14831""",3
"""P62993""",15
"""Q14833""",3
"""Q16777""",2
"""Q14832""",3
"""P50148""",2
"""Q08379""",1
"""O00222""",3
"""Q4V328""",1
"""P16104""",5
"""O15228""",1
"""Q14416""",4
"""Q7Z6J2""",1
"""Q8N257""",3
"""Q99871""",1
"""O95714""",1
"""O94992""",3
"""P52272""",3
"""Q14103""",6
"""O94927""",1
"""P56524""",4
"""Q96ED9""",6
"""P52597""",3
"""P05546""",1
"""P41235""",1
"""Q16534""",1
"""Q14526""",1
"""O00165""",3
"""P31943""",6
"""Q9UBK5""",5
"""P62805""",10
"""P54257""",1
"""P54198""",4
"""Q68CZ6""",1
"""Q969F9""",2
"""Q9H2X6""",5
"""Q15751""",2
"""Q9UBC0""",1
"""Q9NP66""",1
"""Q00839""",10
"""Q9UBP5""",1
"""P61978""",3
"""O75367""",1
"""P68431""",11
"""Q9UPZ3""",2
"""Q9P0W2""",8
"""Q96CS2""",1
"""P51858""",2
"""P33778""",2
"""O14964""",4
"""Q969S8""",1
"""Q8WUI4""",1
"""P14866""",1
"""P51610""",10
"""Q9BT25""",1
"""Q13547""",66
"""Q99879""",2
"""P07910""",3
"""Q9BYM8""",2
"""P00739""",2
"""O43390""",3
"""Q9P2W1""",1
"""P26583""",1
"""P49773""",3
"""Q9NQG7""",1
"""O14929""",2
"""Q9BUJ2""",1
"""P06865""",1
"""Q9ULI3""",1
"""Q16778""",2
"""P09429""",2
"""Q99714""",2
"""Q9UJC3""",6
"""Q9NVX0""",1
"""O14979""",1
"""P84243""",1
"""O60506""",4
"""Q8NCD3""",2
"""Q7Z4H7""",1
"""Q86VS8""",3
"""P14210""",1
"""Q92769""",52
"""Q9UBX0""",2
"""Q02577""",1
"""Q86YV9""",2
"""Q9Y5Z7""",1
"""Q14469""",2
"""O15379""",14
"""P07686""",2
"""Q9UQL6""",2
"""Q9NSC5""",1
"""Q16665""",7
"""Q92902""",1
"""O75330""",2
"""O75146""",1
"""P42858""",4
"""P0C0S5""",2
"""Q14CZ8""",1
"""Q9UBN7""",2
"""P11142""",16
"""P27352""",1
"""Q08334""",1
"""P20042""",1
"""O43837""",1
"""P38919""",8
"""P29459""",4
"""P34932""",5
"""P78318""",1
"""Q14773""",2
"""O00219""",1
"""Q8IU81""",1
"""Q00613""",2
"""Q99081""",1
"""Q9HBG6""",1
"""P42701""",3
"""P07900""",18
"""O43719""",2
"""Q8IY31""",2
"""P60842""",2
"""P31273""",1
"""Q99665""",4
"""Q96LB3""",2
"""P19367""",2
"""Q13099""",3
"""O00221""",3
"""P01871""",2
"""P17936""",1
"""O60921""",8
"""Q9NPH3""",2
"""Q9H2S9""",1
"""Q9NQC8""",2
"""Q9H1B7""",1
"""P54105""",8
"""O75874""",1
"""P18065""",1
"""P51553""",1
"""Q9P2H3""",2
"""Q9NZI8""",2
"""P06730""",1
"""Q9NWB7""",2
"""P25963""",9
"""P50213""",1
"""Q03933""",1
"""Q9H7X7""",2
"""O00425""",1
"""P08238""",15
"""Q9BYI3""",1
"""P15814""",1
"""Q9BW83""",2
"""Q14164""",2
"""P29460""",5
"""Q8NHY5""",1
"""P08069""",2
"""P46199""",1
"""P0DMV8""",7
"""P78552""",1
"""P01344""",1
"""Q15653""",6
"""P0DMV9""",1
"""A0AVF1""",2
"""P31269""",1
"""Q9UJY1""",1
"""P41091""",1
"""P01563""",2
"""Q9UG01""",2
"""P47813""",1
"""Q8WUF5""",2
"""Q9Y366""",2
"""P54652""",2
"""O43464""",1
"""Q7Z5L9""",1
"""P56537""",2
"""Q9Y547""",2
"""Q92819""",2
"""P05000""",1
"""Q7Z6Z7""",1
"""O14920""",14
"""P40933""",1
"""Q04637""",2
"""P01574""",1
"""Q8WYA0""",2
"""Q96RY7""",1
"""P05019""",1
"""P05198""",1
"""P48735""",1
"""P22301""",1
"""Q92839""",1
"""Q13651""",2
"""O15111""",20
"""P08514""",10
"""Q5TA45""",3
"""Q9Y624""",2
"""Q75QN2""",3
"""O60674""",2
"""Q9Y616""",1
"""Q9ULG1""",1
"""Q00978""",1
"""Q9Y283""",2
"""P13612""",11
"""P24394""",2
"""O15503""",3
"""P05556""",56
"""Q9NQC1""",2
"""P18084""",9
"""Q9NRR6""",2
"""Q9H160""",1
"""Q13418""",5
"""P01589""",1
"""Q9UK53""",7
"""P06756""",32
"""P52294""",2
"""Q6P9B9""",3
"""Q9BT40""",1
"""Q14573""",2
"""Q15051""",1
"""O75578""",1
"""P35568""",1
"""P31785""",1
"""Q12905""",4
"""Q8IYV9""",1
"""P53708""",1
"""O00505""",2
"""Q01638""",1
"""P23229""",10
"""Q96G21""",1
"""Q13797""",11
"""Q9NV88""",3
"""Q8N201""",2
"""Q9NWZ3""",1
"""P51617""",3
"""P32927""",2
"""Q6PI98""",2
"""Q9H0H0""",3
"""P06213""",2
"""P48551""",4
"""P14784""",1
"""Q14643""",1
"""Q9UQF2""",2
"""P26012""",1
"""Q96HW7""",3
"""Q6IE81""",3
"""P17301""",4
"""Q96J02""",5
"""O60271""",1
"""O43187""",1
"""P23458""",1
"""O14713""",1
"""P05112""",2
"""Q969R8""",1
"""Q6UXK2""",1
"""P80217""",1
"""Q08881""",2
"""Q1MX18""",1
"""Q14974""",4
"""Q8WYH8""",6
"""P18564""",4
"""P05106""",30
"""P57087""",1
"""P60568""",1
"""P17181""",3
"""Q9NXR8""",3
"""Q13683""",3
"""Q8NBZ0""",1
"""P08648""",7
"""P52292""",4
"""P15884""",7
"""Q68E01""",2
"""P26006""",6
"""Q9NQS7""",5
"""P05107""",3
"""O94829""",2
"""Q8TEX9""",3
"""Q8NI35""",3
"""Q96CB8""",2
"""Q12906""",7
"""Q9NVR2""",3
"""Q9UL03""",3
"""Q14653""",1
"""Q13576""",2
"""Q9UNL4""",3
"""Q9C086""",1
"""P16144""",8
"""Q9NV31""",1
"""P11215""",1
"""P38570""",1
"""Q9ULR0""",2
"""P56199""",2
"""P46940""",8
"""Q13387""",1
"""Q9NVH2""",3
"""Q92613""",2
"""P05154""",1
"""Q53TQ3""",1
"""P26010""",1
"""Q9UKX5""",2
"""P40189""",5
"""P15382""",2
"""Q9P2N6""",1
"""Q92831""",11
"""Q9Y6J6""",3
"""Q8N371""",1
"""Q12791""",3
"""P23352""",1
"""Q07666""",4
"""Q6PIL6""",1
"""Q8NC69""",1
"""O15054""",1
"""Q12840""",2
"""Q13303""",1
"""P16389""",2
"""Q9H9L4""",1
"""Q693B1""",1
"""P52732""",2
"""Q7Z3B3""",3
"""Q6ZWB6""",1
"""Q9UGL1""",1
"""P05412""",11
"""Q12809""",3
"""Q86T24""",1
"""Q02241""",3
"""O95251""",6
"""P31323""",3
"""Q92794""",3
"""Q14654""",1
"""Q9UK17""",1
"""P78508""",2
"""Q92993""",7
"""O43526""",1
"""Q8IX03""",2
"""Q8WYB5""",3
"""P51787""",6
"""Q9P0J7""",1
"""O15066""",1
"""Q92830""",14
"""P54819""",1
"""Q587J8""",1
"""Q68DU8""",1
"""O60341""",17
"""O15550""",4
"""Q96CX2""",1
"""Q13557""",1
"""Q9UJ90""",1
"""P12277""",1
"""P13861""",6
"""O43525""",2
"""Q9Y496""",1
"""Q14145""",2
"""Q8NHM5""",1
"""O60282""",1
"""O95239""",1
"""P17612""",2
"""Q9NZV8""",1
"""P56696""",1
"""Q9UQM7""",2
"""Q9Y6H6""",1
"""Q8WWG9""",1
"""P17535""",2
"""Q9NR82""",1
"""Q9BW62""",1
"""Q9H7Z6""",5
"""Q14721""",2
"""Q09470""",2
"""O75164""",1
"""Q05655""",3
"""P07942""",1
"""Q8NG31""",1
"""O75449""",1
"""Q9UH77""",3
"""O43561""",8
"""Q8IXQ5""",1
"""O60870""",1
"""Q13094""",10
"""P50748""",1
"""Q15334""",1
"""Q16363""",1
"""P83111""",2
"""Q9UHI5""",2
"""Q86Z14""",5
"""O00522""",3
"""P46020""",1
"""P17252""",5
"""P41743""",8
"""Q6PKG0""",1
"""Q9P2G9""",1
"""Q9P2J3""",1
"""P33176""",2
"""P07288""",1
"""Q9BVA0""",1
"""Q96MU8""",1
"""Q9H079""",1
"""P06239""",7
"""Q9Y664""",1
"""O14686""",7
"""Q16787""",1
"""O95835""",2
"""Q8IZD2""",1
"""Q93100""",1
"""O95232""",1
"""Q6TFL4""",1
"""O15230""",2
"""Q07866""",1
"""Q9NVR5""",1
"""Q8IVT5""",4
"""P10721""",2
"""P32004""",2
"""Q6P1M3""",2
"""Q9UMN6""",2
"""Q4G0J3""",1
"""Q96JN0""",1
"""Q8NEZ4""",4
"""P14618""",2
"""Q05513""",5
"""P05455""",2
"""P11047""",1
"""Q13118""",1
"""Q9H0H3""",1
"""Q9Y383""",1
"""Q03164""",7
"""P42167""",1
"""Q9BQD3""",1
"""Q9Y4W2""",3
"""Q86UP2""",1
"""Q9P2K6""",1
"""Q53G59""",2
"""P43405""",1
"""Q9NRM7""",1
"""Q9Y2M5""",1
"""Q6P597""",1
"""Q14657""",2
"""Q9P2N7""",1
"""Q52LA3""",3
"""P62310""",4
"""P09382""",1
"""O15116""",1
"""P22888""",1
"""Q5S007""",3
"""Q5TKA1""",4
"""Q14693""",2
"""Q96GY3""",3
"""Q6NSJ5""",2
"""Q8WVC0""",1
"""P48059""",1
"""Q86U70""",3
"""Q6P9F7""",1
"""P20700""",5
"""O75473""",2
"""P15018""",1
"""Q99732""",1
"""P83369""",1
"""Q2I0M4""",1
"""Q6MZP7""",3
"""Q9Y4Y9""",2
"""Q969R5""",1
"""Q8TDW0""",2
"""Q96FE5""",2
"""Q7L1W4""",2
"""Q9UJU2""",1
"""P17931""",2
"""O75197""",1
"""O95970""",1
"""Q8WWI1""",2
"""Q96NW7""",1
"""P61968""",4
"""Q969L4""",1
"""Q9HBW0""",3
"""Q93052""",1
"""Q9Y333""",5
"""Q8IWT6""",4
"""Q9NUP9""",2
"""Q9UK45""",3
"""P42704""",1
"""P02545""",4
"""P48357""",2
"""P42702""",2
"""Q96M69""",1
"""P62312""",3
"""P16150""",1
"""O75581""",6
"""Q9Y4Z0""",3
"""Q07954""",4
"""Q9BXB1""",1
"""O95777""",3
"""O14910""",5
"""Q96PV6""",1
"""Q7Z4I7""",1
"""Q9UDY8""",9
"""Q9NYL2""",1
"""Q9BVC4""",4
"""Q92585""",2
"""Q96RQ3""",1
"""P41279""",3
"""Q6IAA8""",1
"""Q86UL8""",1
"""P61244""",4
"""O43324""",1
"""Q9NS73""",2
"""Q99683""",1
"""P20794""",1
"""O43318""",7
"""Q9UBB5""",5
"""Q5U623""",1
"""O95983""",14
"""Q99759""",3
"""Q9HCC0""",1
"""O43504""",1
"""Q9NZL9""",1
"""P07948""",5
"""Q7L5Y9""",1
"""Q9NX58""",1
"""P56270""",1
"""Q9HD34""",1
"""Q9BQG0""",2
"""Q9UJ55""",1
"""Q8IW41""",1
"""Q9UHA4""",3
"""P43243""",3
"""Q9Y2Q5""",3
"""Q0VGL1""",1
"""Q6VMQ6""",3
"""Q9UIS9""",4
"""Q9Y2U8""",2
"""Q9H0U3""",2
"""P51948""",4
"""Q99558""",5
"""Q05195""",2
"""P43355""",1
"""Q16584""",3
"""Q6P0N0""",1
"""Q9Y6R4""",1
"""Q7KZI7""",1
"""Q10469""",2
"""Q9Y3C7""",3
"""O95402""",5
"""O43513""",12
"""Q5TGZ0""",3
"""Q6UXV4""",2
"""Q8IYU8""",1
"""O60244""",17
"""Q9Y2X0""",9
"""Q16819""",1
"""Q9NXC5""",3
"""P33993""",4
"""Q96T58""",6
"""A0JLT2""",2
"""Q8N3F8""",1
"""Q9NPJ6""",6
"""Q93074""",13
"""Q14566""",5
"""Q8NE86""",1
"""Q02078""",1
"""Q8IXI1""",2
"""Q96RN5""",6
"""Q9ULK4""",15
"""Q16820""",1
"""Q8IXI2""",1
"""O00255""",4
"""P33992""",1
"""Q71SY5""",5
"""Q96G25""",3
"""Q9UJA3""",1
"""P10911""",1
"""P25205""",1
"""P53779""",1
"""P08581""",3
"""Q9BTT4""",5
"""O15151""",1
"""Q9BUE0""",4
"""Q5XKP0""",2
"""Q09328""",1
"""Q9NX63""",3
"""P26572""",1
"""Q9H944""",5
"""Q16891""",3
"""P28482""",10
"""Q9NX70""",3
"""Q9UQ53""",2
"""Q16539""",1
"""Q29980""",1
"""P55081""",1
"""Q9Y6D9""",2
"""Q9BUB5""",1
"""Q96EZ8""",5
"""Q15648""",16
"""Q16659""",2
"""Q9BPX6""",1
"""D6RGH6""",1
"""Q14676""",5
"""Q9UI95""",2
"""Q08431""",1
"""Q07820""",1
"""Q9Y316""",1
"""Q9NXB0""",1
"""Q9H204""",1
"""Q9NWA0""",1
"""Q8IWI9""",1
"""Q8TDZ2""",1
"""Q6P2C8""",3
"""Q9UL63""",2
"""Q9BRQ6""",2
"""P53778""",1
"""Q9P086""",2
"""P49736""",5
"""Q13257""",3
"""Q71F56""",1
"""Q00266""",1
"""P51608""",2
"""Q13503""",11
"""Q9UHV7""",10
"""Q9NVC6""",14
"""O43451""",1
"""Q96HR3""",1
"""Q8TDR0""",3
"""Q9NPJ1""",2
"""O75448""",13
"""Q6PJG2""",1
"""P33991""",4
"""Q15528""",2
"""Q9H081""",2
"""P08183""",2
"""Q00987""",8
"""P61326""",8
"""Q9BQA1""",4
"""P35240""",1
"""Q9BUR5""",2
"""P27361""",8
"""P08235""",2
"""P31153""",1
"""Q9NWR8""",1
"""O75586""",15
"""Q29983""",1
"""O96007""",1
"""Q99549""",2
"""P46734""",1
"""Q5HYA8""",2
"""P40692""",16
"""Q9HCI7""",1
"""Q00325""",2
"""P43246""",15
"""P19105""",1
"""P42285""",3
"""O94776""",13
"""Q9H492""",1
"""P14780""",1
"""O43196""",1
"""Q96T76""",6
"""P11717""",5
"""Q13368""",2
"""Q13330""",7
"""Q15014""",1
"""Q8IVH4""",1
"""P48039""",5
"""P20585""",1
"""Q8N5Y2""",1
"""P49959""",15
"""P49286""",4
"""Q9NZW5""",1
"""Q15049""",2
"""Q9NV56""",2
"""Q8N3R9""",5
"""O00566""",1
"""Q6WCQ1""",3
"""P08253""",1
"""Q5T2T1""",3
"""Q02750""",7
"""Q9BTC8""",3
"""P36507""",2
"""P42345""",5
"""P52701""",12
"""Q9HCE1""",3
"""P49006""",1
"""O15457""",1
"""P28360""",1
"""O15091""",1
"""Q96JB8""",1
"""O75431""",1
"""P50281""",4
"""Q9NYP9""",1
"""P45985""",3
"""O75970""",1
"""Q9UBU8""",6
"""Q9BWT6""",1
"""O96033""",1
"""Q13505""",1
"""O43482""",1
"""Q9Y605""",1
"""Q2KHM9""",1
"""Q13163""",2
"""O14931""",1
"""P60660""",1
"""P52179""",1
"""P35580""",1
"""Q13402""",1
"""P10244""",2
"""Q9NX02""",1
"""P22033""",1
"""Q01658""",2
"""O14974""",2
"""P50539""",1
"""O75376""",10
"""Q14596""",1
"""Q9Y6Q9""",6
"""Q9Y2A7""",4
"""P52298""",5
"""Q15746""",1
"""P59047""",1
"""Q9H9S0""",1
"""Q8IZQ8""",1
"""P35579""",2
"""P15172""",1
"""Q86UW6""",1
"""Q13562""",1
"""Q5VVJ2""",1
"""O60934""",14
"""Q12965""",1
"""Q15596""",2
"""Q99417""",1
"""Q9ULV0""",2
"""O00159""",1
"""P01106""",6
"""Q09161""",6
"""Q14686""",7
"""Q9Y618""",10
"""Q96NY9""",1
"""P15531""",2
"""Q9BXJ9""",2
"""P49321""",3
"""Q14919""",1
"""Q00604""",1
"""Q9Y4I1""",1
"""O14777""",2
"""Q15788""",8
"""Q9BSC4""",1
"""P01138""",3
"""Q9Y6M9""",2
"""Q12879""",2
"""O96000""",2
"""Q9BZQ4""",1
"""O00483""",2
"""Q8IXH7""",1
"""P46934""",2
"""P23511""",3
"""Q9Y2X3""",1
"""Q9P0J0""",2
"""Q9UJF2""",1
"""P29474""",5
"""O75306""",8
"""P26718""",5
"""Q96P71""",1
"""P51970""",2
"""Q99801""",2
"""Q5SY16""",1
"""O43678""",5
"""Q15233""",8
"""Q92982""",1
"""Q16236""",1
"""O75380""",3
"""P19838""",12
"""Q5T2W1""",6
"""P28331""",3
"""P25208""",2
"""Q14978""",1
"""O00217""",2
"""Q8NEJ9""",1
"""P56181""",3
"""Q8WX92""",1
"""O95169""",3
"""O43674""",2
"""Q6P4R8""",1
"""O75251""",7
"""Q9BT67""",1
"""Q9Y6K9""",18
"""Q16795""",9
"""P49821""",3
"""O75489""",10
"""Q9UI09""",2
"""Q86SG6""",2
"""O43920""",4
"""Q05586""",2
"""P56556""",5
"""O94916""",1
"""O95299""",3
"""Q8N2Q7""",1
"""Q13469""",1
"""Q9H9Q4""",1
"""Q15843""",2
"""O00567""",1
"""Q9UBE8""",1
"""O95182""",2
"""Q86WB0""",1
"""Q96P20""",1
"""P51955""",2
"""Q96E22""",1
"""O95139""",4
"""Q13287""",10
"""Q15223""",1
"""Q15599""",4
"""O95178""",2
"""Q9H3P2""",1
"""P55769""",2
"""Q9Y239""",1
"""P35228""",1
"""Q9NQS3""",1
"""O95298""",2
"""Q96JN8""",1
"""P19404""",6
"""P18615""",1
"""O95167""",2
"""Q13952""",2
"""Q99519""",1
"""P46531""",6
"""O43677""",2
"""P17568""",2
"""O14745""",8
"""Q9NX24""",1
"""P29475""",1
"""Q8NG66""",1
"""Q9NX14""",2
"""O43181""",6
"""Q8IVI9""",1
"""Q14494""",1
"""Q9C000""",1
"""Q16718""",2
"""O15239""",3
"""O43676""",2
"""Q969S2""",1
"""Q9NPE3""",1
"""Q86Y39""",2
"""Q96PU5""",1
"""O95168""",2
"""Q92542""",9
"""Q8TCU5""",1
"""Q00653""",8
"""O75438""",2
"""Q04721""",1
"""Q8TD19""",1
"""Q96FI4""",1
"""P49281""",1
"""Q7Z417""",1
"""Q9UBU9""",3
"""P57740""",2
"""Q99743""",1
"""Q9NPI5""",1
"""Q06495""",1
"""Q8WUM0""",2
"""Q96IY1""",1
"""P52948""",2
"""Q02297""",1
"""P03901""",2
"""O14786""",14
"""Q12980""",3
"""O60462""",4
"""P16083""",1
"""P03891""",3
"""Q8WTW4""",3
"""Q8N1F7""",1
"""O15259""",4
"""Q8NFH4""",1
"""Q12769""",2
"""Q9ULB1""",1
"""P19338""",7
"""P03886""",10
"""Q9Y5A7""",1
"""Q8TAT6""",1
"""O00482""",1
"""Q8IVD9""",1
"""P04629""",2
"""P34130""",1
"""Q14980""",1
"""Q9NXX6""",1
"""O75694""",1
"""Q15466""",1
"""Q9BZD4""",1
"""P49757""",2
"""P03915""",2
"""Q8NFH3""",1
"""P03905""",1
"""P55209""",1
"""P03897""",3
"""Q9BW27""",1
"""P20783""",1
"""Q7Z494""",1
"""P06748""",8
"""O15504""",1
"""O75161""",4
"""P03923""",2
"""Q9Y5P8""",1
"""Q9BRP0""",1
"""P00480""",1
"""O75147""",3
"""O15294""",8
"""P22059""",1
"""Q9Y5N6""",2
"""Q9UBD5""",5
"""Q16633""",2
"""Q8N138""",1
"""P10451""",6
"""Q13416""",6
"""P36957""",1
"""O75665""",1
"""Q06190""",1
"""Q969Q6""",1
"""Q99572""",1
"""Q13415""",4
"""P54368""",2
"""Q96FW1""",1
"""A6NGQ2""",1
"""Q9NPF4""",2
"""Q02218""",1
"""Q13438""",4
"""O43913""",4
"""Q96CV9""",1
"""P41231""",1
"""P39656""",3
"""O43929""",5
"""Q92882""",1
"""O95747""",1
"""P04637""",21
"""Q8TEW8""",1
"""Q9H074""",1
"""P12004""",29
"""Q6TCH7""",4
"""P13674""",1
"""P26367""",1
"""Q9BYG5""",4
"""O00443""",1
"""P49023""",10
"""Q6VY07""",2
"""Q8TEW0""",10
"""P55771""",1
"""Q86YP4""",2
"""Q9BTU6""",8
"""O00750""",1
"""Q9NVD7""",2
"""P05166""",1
"""P11940""",6
"""Q7Z4N8""",1
"""Q9BTK6""",3
"""P05165""",1
"""Q96IZ0""",1
"""O95613""",1
"""Q15004""",2
"""Q13219""",1
"""O95453""",1
"""Q6UW60""",1
"""Q6ZW49""",6
"""Q86U86""",1
"""P23760""",1
"""Q9NPB6""",9
"""P09874""",13
"""Q9HBI1""",4
"""Q9BSM1""",1
"""Q8N7H5""",1
"""Q9BYE7""",1
"""Q8IXQ6""",2
"""Q9Y5B6""",1
"""Q13153""",3
"""Q15154""",2
"""P27986""",11
"""Q99497""",3
"""Q8WXI9""",1
"""O94913""",1
"""P51003""",1
"""Q9HB75""",1
"""Q99570""",2
"""Q99623""",1
"""O00764""",2
"""P30101""",1
"""Q08499""",1
"""Q9H814""",2
"""Q96BD5""",7
"""O75381""",1
"""Q96HS1""",1
"""Q8NDX5""",1
"""Q9NUG6""",1
"""O15212""",1
"""P42356""",2
"""P21810""",1
"""P35354""",1
"""Q5EBL8""",3
"""Q9NWQ8""",1
"""O43933""",1
"""Q16342""",1
"""Q14442""",1
"""Q96S52""",1
"""P78364""",3
"""O60925""",1
"""Q9Y6X2""",1
"""Q99471""",1
"""P23219""",1
"""P17858""",1
"""O60346""",1
"""Q13951""",2
"""P16234""",4
"""O14986""",2
"""O75925""",1
"""Q6ZVD8""",1
"""Q9NTI5""",1
"""Q7Z412""",1
"""Q96EK2""",1
"""P61758""",1
"""Q9NZ42""",7
"""P09619""",1
"""Q9UHV9""",3
"""P37287""",1
"""Q9UBV8""",2
"""Q8IZL8""",4
"""Q96FA3""",1
"""O75340""",2
"""Q15084""",1
"""Q9BRB3""",1
"""Q92696""",1
"""Q7RTV0""",2
"""P01127""",1
"""O43924""",1
"""Q9NQP4""",1
"""Q16816""",1
"""Q8N8D1""",2
"""Q29RF7""",1
"""P07237""",2
"""Q5T6S3""",2
"""O00151""",1
"""Q8WUB8""",2
"""P35232""",2
"""Q53EL6""",1
"""O00541""",2
"""Q07343""",2
"""Q9H5P4""",2
"""Q8IXK0""",3
"""P05164""",2
"""Q13371""",1
"""Q9BVI0""",2
"""Q92535""",1
"""Q13608""",1
"""Q9NRD5""",1
"""O00264""",1
"""Q969N2""",1
"""P14859""",4
"""Q9H875""",1
"""Q6IQ23""",1
"""Q16512""",1
"""Q8NEB9""",3
"""Q01970""",8
"""O00469""",1
"""P14923""",1
"""O60664""",1
"""P00747""",2
"""Q9H307""",1
"""Q9UBT6""",1
"""O75051""",2
"""Q96T60""",3
"""Q8IWE5""",1
"""Q9HCM2""",2
"""O00592""",1
"""Q9NPJ4""",1
"""Q01860""",1
"""O14495""",1
"""Q6T4P5""",1
"""Q13393""",1
"""P62136""",4
"""Q13526""",2
"""Q9Y4D7""",3
"""Q9BXM7""",2
"""P51805""",3
"""P09086""",2
"""O43660""",4
"""Q13563""",3
"""O43157""",1
"""Q9NUX5""",5
"""P54278""",6
"""O15120""",2
"""Q9Y253""",1
"""P16885""",6
"""Q6P1K2""",1
"""P53350""",1
"""Q99697""",1
"""O60486""",1
"""P19174""",9
"""O60568""",1
"""P98161""",6
"""P08F94""",1
"""Q969H6""",1
"""Q99575""",1
"""P54277""",3
"""O75817""",1
"""Q9UIW2""",7
"""Q9H490""",1
"""Q9NQ66""",1
"""Q13835""",1
"""P12273""",1
"""P42336""",1
"""P29590""",2
"""P00491""",1
"""P49720""",5
"""P55036""",3
"""P62333""",3
"""P28074""",5
"""O00487""",2
"""O60260""",3
"""Q9UL46""",3
"""O43447""",1
"""O75400""",1
"""O00231""",2
"""P20618""",5
"""Q99633""",1
"""Q92620""",3
"""P62191""",3
"""O00743""",1
"""P60510""",2
"""Q13200""",2
"""P49721""",5
"""Q6P2Q9""",6
"""O60508""",2
"""P30405""",1
"""P28066""",5
"""Q9Y570""",1
"""O75475""",1
"""Q9UPN7""",1
"""P16298""",1
"""Q9BRX5""",1
"""Q8NEY8""",1
"""Q9UBK2""",3
"""P78395""",3
"""P25786""",8
"""P43686""",3
"""P62195""",3
"""Q8TB68""",1
"""O43242""",2
"""Q14691""",1
"""Q5H9R7""",1
"""O00232""",2
"""Q96BP3""",2
"""Q9UNM6""",3
"""P35080""",1
"""P49642""",5
"""O15297""",1
"""Q9UNP9""",2
"""P28072""",5
"""Q15008""",2
"""P26678""",4
"""P51665""",2
"""P07737""",3
"""Q9NY27""",2
"""P49643""",5
"""P60900""",6
"""Q9HCU5""",2
"""P54821""",2
"""Q99460""",2
"""Q13523""",2
"""Q86XN7""",1
"""O94906""",2
"""P35998""",3
"""Q9H2H8""",2
"""Q08209""",5
"""O43172""",1
"""P01236""",1
"""Q06830""",2
"""P62714""",1
"""Q8WWY3""",2
"""P67775""",9
"""O14818""",5
"""Q96S44""",1
"""Q9UMS4""",4
"""P25787""",6
"""O95456""",1
"""Q99811""",1
"""P28070""",6
"""Q13356""",1
"""O43395""",1
"""P04156""",2
"""Q9Y3C6""",2
"""O00233""",2
"""P25789""",5
"""Q86TP1""",3
"""P61289""",2
"""Q96QC0""",1
"""P13727""",3
"""P48556""",3
"""O15355""",1
"""P62937""",1
"""O75832""",2
"""P25788""",7
"""O75170""",1
"""P16471""",2
"""Q9Y248""",1
"""Q16401""",2
"""P17980""",5
"""Q99436""",5
"""Q06323""",3
"""P10619""",1
"""P78527""",10
"""P01270""",1
"""Q9UKM9""",2
"""P26599""",3
"""P20339""",3
"""Q9BRP8""",1
"""Q92878""",17
"""Q9BT73""",1
"""P49768""",7
"""P17706""",1
"""P20936""",4
"""P63000""",4
"""O75943""",2
"""P18433""",1
"""Q7RTS3""",1
"""Q6WBX8""",2
"""Q9UKA9""",2
"""P61224""",1
"""O43502""",4
"""Q03431""",2
"""Q13610""",1
"""Q8WXF1""",1
"""O60896""",1
"""P60484""",1
"""P20336""",1
"""P10276""",1
"""Q13635""",1
"""P51153""",1
"""Q9UHX1""",2
"""O60894""",1
"""P55895""",1
"""Q9UJ41""",1
"""P62834""",3
"""O95997""",1
"""O15315""",3
"""Q969U7""",1
"""Q96EY7""",1
"""P62826""",8
"""Q06124""",5
"""P25105""",1
"""O60671""",9
"""Q3SYG4""",2
"""P51151""",1
"""P61006""",3
"""Q96S59""",7
"""P15918""",1
"""P24386""",1
"""P04049""",11
"""P49810""",4
"""O75771""",4
"""O60216""",5
"""P06454""",7
"""Q15276""",2
"""Q99638""",7
"""O60895""",1
"""P43351""",1
"""P63244""",5
"""P43487""",2
"""Q5JS54""",1
"""Q06609""",5
"""P23467""",1
"""P49795""",1
"""P25791""",2
"""P35250""",18
"""A6NED2""",1
"""Q9UBZ9""",1
"""Q9H310""",1
"""Q13127""",1
"""P62491""",6
"""Q9P260""",1
"""O14593""",1
"""Q13123""",1
"""Q15291""",23
"""Q92804""",1
"""P51159""",1
"""P40937""",12
"""Q9NW13""",1
"""Q92785""",1
"""P49758""",1
"""P01116""",1
"""P15927""",6
"""P40938""",12
"""P27694""",10
"""Q8IUD2""",1
"""Q7L804""",1
"""Q6WKZ4""",1
"""Q09028""",38
"""Q9Y580""",1
"""P49756""",1
"""Q9UKL0""",16
"""P01112""",4
"""P35249""",15
"""Q92546""",1
"""Q9H0H5""",3
"""Q5TC82""",1
"""P06400""",11
"""Q9H902""",4
"""Q08999""",10
"""Q9NW64""",2
"""Q15907""",2
"""Q96T37""",1
"""Q01201""",5
"""Q9P2K3""",2
"""Q04864""",11
"""Q92900""",6
"""Q16576""",26
"""P48382""",1
"""Q9HAU5""",6
"""Q9BZI7""",6
"""O00287""",1
"""P35244""",5
"""Q9Y5S9""",11
"""Q96PK6""",1
"""P07949""",2
"""P28749""",9
"""P62877""",45
"""Q00765""",1
"""Q15311""",2
"""P02753""",1
"""O60673""",1
"""O76081""",2
"""P35251""",12
"""Q9UBF6""",5
"""P53805""",1
"""Q8TDY2""",5
"""Q9H1J1""",2
"""Q14498""",1
"""P38159""",2
"""Q96LT9""",1
"""Q02878""",5
"""Q13084""",2
"""Q9NWU5""",2
"""Q16540""",2
"""Q9NZE8""",2
"""Q9UFD9""",1
"""Q4U2R6""",2
"""Q07020""",3
"""Q9BRJ2""",2
"""Q96EP0""",2
"""P83881""",3
"""P62906""",4
"""P62913""",4
"""Q13464""",1
"""P50914""",4
"""Q7Z2W9""",2
"""Q9Y3B7""",2
"""P62899""",3
"""O75116""",1
"""P40429""",4
"""P52815""",2
"""Q8TCC3""",2
"""Q86TS9""",2
"""P09001""",2
"""Q6R327""",2
"""P62888""",6
"""P27635""",3
"""P62891""",3
"""P47914""",3
"""P52434""",6
"""Q15287""",5
"""Q9HD33""",2
"""Q96GC5""",2
"""Q9Y3U8""",4
"""Q6NUQ1""",2
"""Q9BYC8""",2
"""Q99496""",7
"""P84098""",4
"""O95602""",1
"""P62910""",4
"""P62917""",4
"""Q9Y6G3""",2
"""Q8WZ75""",1
"""P52435""",5
"""P09651""",2
"""P46776""",3
"""Q9BYD1""",2
"""P05388""",3
"""Q9GZS1""",1
"""Q9UHA3""",1
"""P46778""",4
"""P13489""",1
"""Q9BYD2""",2
"""Q8N983""",2
"""P61254""",4
"""P30050""",4
"""P46777""",3
"""Q9Y3C5""",1
"""P51991""",1
"""P35268""",3
"""Q68EM7""",3
"""Q13405""",2
"""Q9H9Y6""",3
"""Q9H871""",1
"""Q68DV7""",1
"""Q9NYK5""",2
"""Q9H9A7""",4
"""Q9BSD3""",2
"""P39023""",3
"""Q96A35""",2
"""Q6P161""",2
"""P85298""",1
"""P19388""",6
"""Q7Z7F7""",2
"""Q96DV4""",2
"""P18124""",4
"""Q9BYD3""",2
"""O94763""",1
"""P10155""",2
"""Q5T653""",2
"""P62829""",3
"""Q13671""",3
"""Q9P0J6""",2
"""Q9BYC9""",2
"""Q9H2W6""",2
"""Q9BZE1""",2
"""P26373""",4
"""Q9NRX2""",2
"""Q9NQ50""",2
"""Q02543""",4
"""Q9P0M9""",2
"""Q7Z7H8""",2
"""Q96EL3""",2
"""P18621""",3
"""P49406""",2
"""Q9NX20""",2
"""Q06587""",7
"""O00212""",2
"""P46779""",4
"""P62987""",2
"""Q9BWH6""",2
"""P42766""",3
"""O75394""",2
"""Q96QB1""",1
"""Q9BQ48""",2
"""P62875""",6
"""Q9P015""",2
"""P05387""",4
"""A1A4S6""",1
"""P32969""",3
"""P18077""",4
"""Q9NRR4""",1
"""P05386""",4
"""P53803""",5
"""P24928""",25
"""P22626""",2
"""P62424""",5
"""O15446""",1
"""Q96K19""",1
"""O76064""",1
"""P62945""",2
"""P36578""",4
"""Q9H0U6""",2
"""P61586""",5
"""P62750""",3
"""Q5XPI4""",1
"""Q8N5N7""",2
"""Q9H9J2""",2
"""Q13546""",3
"""P61218""",5
"""P61927""",2
"""P63173""",2
"""P61353""",4
"""Q6P1L8""",2
"""P61313""",4
"""Q8IXM3""",2
"""P83731""",3
"""P61513""",4
"""O76021""",1
"""Q9BYD6""",2
"""P49207""",3
"""P62263""",3
"""P22090""",2
"""P39019""",2
"""P08708""",3
"""P62280""",4
"""P62847""",3
"""Q9Y3D9""",2
"""Q13905""",2
"""P30876""",9
"""P04843""",3
"""O15514""",5
"""P62308""",9
"""Q9Y230""",11
"""P36954""",5
"""P78345""",1
"""Q9NP92""",2
"""Q13950""",1
"""P46782""",2
"""P62304""",10
"""P14678""",14
"""P21453""",5
"""P04844""",3
"""Q96KN7""",1
"""Q9Y224""",1
"""P08579""",4
"""O95977""",1
"""Q9NQC3""",1
"""P78346""",1
"""P62269""",3
"""O95197""",1
"""P63220""",2
"""O95707""",1
"""Q92834""",1
"""P62306""",9
"""P82914""",2
"""P62266""",3
"""Q8N488""",1
"""P19793""",1
"""P82912""",2
"""Q8N122""",3
"""P82932""",2
"""P82930""",2
"""P62857""",2
"""P09661""",5
"""O75298""",1
"""P82909""",2
"""P62249""",3
"""P62841""",3
"""P82650""",2
"""Q9Y291""",2
"""P62241""",3
"""Q9Y3D5""",2
"""P62701""",2
"""Q01196""",3
"""P62851""",2
"""O95136""",1
"""P62979""",2
"""Q9Y2D2""",4
"""Q9BZR6""",2
"""P46783""",2
"""O95059""",1
"""O75818""",1
"""P62277""",5
"""P62081""",3
"""P82663""",2
"""Q9BXY4""",1
"""P19387""",6
"""Q9Y676""",2
"""P62861""",2
"""P08621""",2
"""Q9Y3I0""",1
"""P42677""",2
"""Q9BYN8""",2
"""P08865""",2
"""P82664""",2
"""P46781""",3
"""P09234""",1
"""P51398""",2
"""Q9H633""",1
"""P62244""",3
"""Q9Y2L1""",1
"""Q92665""",2
"""P62487""",5
"""Q9Y3D3""",2
"""P61247""",3
"""Q9Y399""",2
"""Q96T23""",5
"""Q9NVS2""",2
"""P82673""",2
"""Q99500""",2
"""Q9Y265""",13
"""P78381""",1
"""Q9Y2R9""",2
"""Q9BUL9""",1
"""Q9Y2Q9""",2
"""P62273""",3
"""P82675""",2
"""P28702""",2
"""P05109""",2
"""Q9Y2R5""",2
"""Q9H228""",1
"""P82921""",2
"""Q92766""",2
"""Q2MKA7""",1
"""P60866""",2
"""O15235""",2
"""P62854""",2
"""Q92552""",2
"""P06703""",1
"""P15880""",3
"""Q9NYV6""",3
"""P23396""",2
"""P62753""",4
"""O60783""",2
"""Q9Y6Y8""",1
"""P63162""",1
"""Q96EL2""",2
"""P82933""",2
"""P06702""",2
"""P25398""",3
"""Q6P3W7""",1
"""Q12770""",6
"""P60468""",1
"""Q96KG9""",1
"""Q96GD3""",1
"""P51170""",2
"""O00422""",8
"""Q9UPN6""",1
"""Q9UBT2""",2
"""Q8TEE9""",1
"""Q86UD0""",1
"""Q9UBE0""",2
"""Q9H4B6""",3
"""Q9Y512""",1
"""P13521""",1
"""P31431""",1
"""P31040""",1
"""O15027""",1
"""O60939""",1
"""Q9H7L9""",3
"""O95487""",3
"""P18827""",1
"""P51172""",1
"""Q9UBV2""",3
"""O15127""",2
"""Q14160""",6
"""O00631""",3
"""O75446""",12
"""P34741""",1
"""O14828""",1
"""Q9Y6B6""",1
"""Q13228""",1
"""O15126""",2
"""P51168""",2
"""Q99250""",1
"""Q15436""",3
"""P55735""",4
"""Q14524""",1
"""P07602""",1
"""A6NKF1""",1
"""P37088""",1
"""Q99962""",2
"""Q8WW01""",1
"""Q8WTS6""",1
"""Q8NEM2""",1
"""Q8IUQ4""",1
"""Q9BQE4""",4
"""Q15427""",5
"""Q9NVA2""",1
"""Q8NCE0""",2
"""Q6ZNX1""",1
"""O75182""",6
"""O75326""",1
"""Q15047""",6
"""Q96ST3""",35
"""P60896""",1
"""Q15019""",1
"""Q9H0F6""",1
"""Q96ES7""",4
"""O15304""",3
"""Q9BWJ5""",3
"""Q14563""",1
"""Q01105""",3
"""P29353""",5
"""Q13326""",1
"""Q13435""",6
"""Q99985""",1
"""O15047""",3
"""Q16181""",2
"""O43556""",1
"""Q9BSV6""",1
"""O43255""",1
"""O75533""",7
"""A8K8P3""",1
"""Q7Z6J9""",2
"""Q15428""",4
"""Q9BYB0""",1
"""Q8IYI0""",1
"""Q9NPC8""",1
"""Q15637""",1
"""Q12874""",4
"""Q8N5G0""",1
"""Q9Y3B4""",4
"""Q9Y6D0""",3
"""Q9NUL5""",1
"""Q7Z6J0""",2
"""Q9H3S1""",1
"""Q9UHD8""",1
"""Q92599""",1
"""Q99963""",3
"""Q15393""",8
"""Q562F6""",1
"""Q96EB6""",6
"""Q16585""",1
"""Q86V20""",1
"""Q92529""",2
"""P23246""",8
"""Q15459""",5
"""Q92629""",1
"""Q8NFY4""",1
"""Q99720""",1
"""Q9BRV8""",1
"""Q9Y274""",1
"""Q9UPS6""",1
"""Q96EE3""",4
"""Q15475""",1
"""O00141""",1
"""Q96B97""",14
"""Q16586""",1
"""Q9H4L4""",3
"""Q12824""",29
"""Q13485""",26
"""P63208""",34
"""Q969G3""",19
"""P08047""",6
"""Q9HAU4""",4
"""Q8WVK2""",1
"""Q96R06""",1
"""Q13573""",4
"""O95295""",5
"""P48764""",1
"""P60880""",8
"""P84022""",31
"""Q16533""",1
"""Q06945""",1
"""P51531""",14
"""Q07617""",1
"""Q6STE5""",2
"""Q7KZF4""",1
"""O95347""",6
"""P12755""",12
"""Q9UQE7""",6
"""O75971""",1
"""Q9UNH7""",1
"""Q9BV90""",2
"""Q15796""",15
"""P28370""",3
"""P30626""",3
"""O14543""",1
"""O95863""",1
"""O95721""",1
"""Q9HCE7""",3
"""Q9Y5B9""",8
"""Q96Q15""",2
"""Q9Y448""",1
"""P62318""",14
"""P48431""",4
"""Q8NEM7""",2
"""P62314""",15
"""Q8TAQ2""",27
"""O15198""",1
"""O60749""",8
"""Q9P0W8""",1
"""Q9UBP0""",3
"""Q9UM82""",1
"""Q92966""",1
"""Q13596""",9
"""Q9H115""",1
"""Q9HBM1""",1
"""P12757""",2
"""O95219""",5
"""Q9NSN8""",1
"""Q6IEG0""",2
"""Q14683""",7
"""O15105""",5
"""Q53GS9""",1
"""Q15797""",4
"""Q9BRT9""",1
"""Q07889""",9
"""Q96H20""",1
"""O43541""",2
"""Q99523""",2
"""O00161""",8
"""O95391""",2
"""Q9Y6H5""",1
"""Q8TEV9""",3
"""Q13487""",1
"""Q13309""",8
"""Q92925""",8
"""P51532""",22
"""Q9HD40""",1
"""Q92922""",27
"""Q96GM5""",18
"""Q2TAY7""",1
"""Q9NTJ3""",6
"""P62316""",11
"""Q96DI7""",3
"""Q16637""",9
"""O43290""",2
"""Q15477""",1
"""O60264""",13
"""Q5SXM2""",1
"""P09012""",3
"""Q8NBT2""",2
"""Q9H0E3""",6
"""Q13501""",3
"""Q8IYB3""",8
"""Q13247""",4
"""O94864""",3
"""Q15831""",2
"""P52630""",1
"""Q16629""",2
"""O75886""",2
"""P11831""",3
"""O43791""",3
"""Q7KZ85""",2
"""O95630""",1
"""O95793""",1
"""P12931""",12
"""Q13242""",3
"""Q9UHV2""",1
"""Q99611""",1
"""O15270""",4
"""Q96I25""",2
"""Q9UQ35""",4
"""O75940""",2
"""P63272""",1
"""Q8WXE9""",1
"""Q8WVM7""",2
"""Q8NFR3""",2
"""Q9BXP5""",2
"""Q13586""",1
"""P32745""",1
"""Q9UEW8""",1
"""P31391""",1
"""Q9NP77""",1
"""Q7RTN6""",1
"""P42224""",3
"""O00267""",3
"""O15042""",2
"""Q9H668""",1
"""Q01130""",2
"""P42229""",1
"""O94875""",1
"""P30874""",1
"""P49903""",1
"""Q86WV6""",2
"""Q13043""",2
"""Q05519""",1
"""Q14714""",1
"""Q13285""",2
"""Q12772""",3
"""Q9HD15""",1
"""Q13188""",3
"""Q13243""",2
"""Q08170""",2
"""Q9H9C1""",1
"""Q6ZRS2""",3
"""P37108""",1
"""Q9BYN0""",1
"""Q969W0""",2
"""P17947""",2
"""Q92783""",1
"""Q8N3U4""",2
"""P40763""",7
"""P36956""",2
"""O95149""",1
"""Q9NUV7""",4
"""Q9UQ90""",1
"""P42226""",1
"""Q08945""",7
"""P30872""",1
"""Q15208""",1
"""Q13813""",4
"""P51692""",1
"""Q07955""",5
"""Q96SB4""",3
"""Q14247""",5
"""P35346""",1
"""O15269""",8
"""Q9BX66""",1
"""O75934""",3
"""Q96JI7""",1
"""P84103""",1
"""Q9ULZ2""",1
"""O75529""",6
"""P41252""",1
"""O43581""",1
"""Q15543""",4
"""Q15545""",6
"""P53597""",2
"""Q15022""",5
"""Q16623""",7
"""Q96BN2""",2
"""P29083""",4
"""Q86TJ2""",3
"""O75558""",2
"""Q6P1X5""",5
"""O75478""",3
"""O00268""",9
"""O15260""",1
"""P49848""",11
"""P29084""",3
"""Q13033""",1
"""Q13277""",2
"""P14868""",1
"""Q15572""",1
"""Q12962""",12
"""P37840""",2
"""O95926""",2
"""Q92750""",1
"""Q15542""",9
"""Q15526""",2
"""Q92777""",1
"""O15400""",1
"""Q9UK61""",1
"""O95359""",1
"""P46977""",2
"""Q9UMX1""",1
"""Q9Y6A5""",1
"""P56192""",1
"""Q9HCS7""",2
"""Q8TCJ2""",1
"""P35269""",9
"""Q5VWG9""",2
"""Q16594""",17
"""O75528""",9
"""P63165""",5
"""P32856""",1
"""Q16514""",14
"""Q8NF91""",1
"""Q03518""",1
"""Q53T94""",1
"""Q8NHG7""",1
"""O43815""",1
"""Q92797""",3
"""Q9NYJ8""",5
"""O43463""",4
"""Q12846""",5
"""Q96I99""",1
"""P21675""",9
"""Q15573""",1
"""P54136""",2
"""Q4VX76""",1
"""Q9P2R7""",1
"""O43752""",5
"""Q15750""",4
"""Q15544""",7
"""Q8N5C8""",1
"""Q9P2J5""",1
"""Q86TM6""",3
"""P47897""",2
"""Q8WXH0""",1
"""P17542""",1
"""P52657""",4
"""Q9HBM6""",2
"""Q06330""",11
"""Q5T011""",2
"""Q9Y6J9""",5
"""O95425""",1
"""Q13148""",1
"""Q15046""",1
"""Q92844""",2
"""O75486""",7
"""Q86Y82""",3
"""P07814""",2
"""O14662""",2
"""O75410""",1
"""Q9Y3F4""",1
"""P17600""",2
"""P13984""",4
"""P32780""",5
"""Q9H147""",2
"""Q9NXF1""",4
"""Q9UBB9""",5
"""P53999""",2
"""Q15185""",2
"""Q99832""",1
"""Q9Y5Q9""",4
"""Q12789""",4
"""O14746""",1
"""Q9Y5Q8""",4
"""P01137""",5
"""Q9UKN8""",4
"""P68366""",1
"""Q9UMR3""",4
"""P02786""",2
"""Q5JRA6""",1
"""P17987""",2
"""P48643""",2
"""Q96EK4""",3
"""Q99426""",1
"""Q86WV5""",1
"""P10636""",2
"""P56279""",3
"""P48307""",1
"""P54274""",6
"""P24821""",1
"""Q00403""",6
"""P21980""",5
"""P49368""",2
"""Q15583""",2
"""Q99593""",2
"""P04053""",1
"""Q9BTW9""",4
"""P37173""",11
"""P20226""",16
"""Q8IUC6""",1
"""Q13889""",4
"""P36897""",9
"""Q14186""",7
"""P10828""",1
"""Q9NQB0""",2
"""P15923""",2
"""O60907""",6
"""Q8WUA4""",4
"""Q9H4B7""",2
"""P78371""",2
"""Q13428""",1
"""P50991""",2
"""P40227""",1
"""Q9C0C2""",4
"""Q9BQ87""",1
"""Q71U36""",5
"""Q92759""",5
"""Q86XR7""",1
"""P13726""",2
"""P10646""",2
"""Q5QJE6""",2
"""Q9H7E2""",1
"""A7MCY6""",1
"""Q13888""",4
"""Q9P0N9""",1
"""O95935""",1
"""P10827""",2
"""Q92664""",2
"""O14776""",1
"""Q15554""",11
"""Q15813""",2
"""P55072""",11
"""Q9BZK7""",5
"""Q9BUR4""",1
"""Q13509""",1
"""Q9UHD2""",3
"""P62380""",1
"""Q8WUH2""",1
"""P10600""",4
"""Q9BVA1""",1
"""P07437""",5
"""P23258""",2
"""Q04206""",21
"""Q12788""",1
"""Q9NYB0""",6
"""O15273""",1
"""P50990""",2
"""Q92994""",1
"""P52655""",4
"""Q9H808""",1
"""Q9BVV7""",1
"""Q13263""",5
"""Q9Y5J7""",1
"""Q15399""",2
"""P50591""",1
"""O95807""",1
"""Q04725""",3
"""Q96FV9""",4
"""Q8WZ42""",1
"""Q86V81""",5
"""Q86W42""",4
"""Q9Y490""",3
"""Q96J01""",3
"""Q6I9Y2""",4
"""Q8NI27""",4
"""Q9Y5L4""",2
"""Q99595""",3
"""O43615""",2
"""P49755""",1
"""Q04724""",10
"""O14925""",8
"""Q3ZCQ8""",4
"""Q13769""",4
"""Q07352""",1
"""O00206""",1
"""O60220""",2
"""Q9BSI4""",7
"""Q7L0Y3""",2
"""O60603""",2
"""Q13009""",2
"""Q9NS62""",1
"""O60830""",2
"""Q04726""",2
"""P01033""",1
"""P62072""",1
"""Q9BVT8""",1
"""P47974""",1
"""Q04727""",1
"""Q9Y275""",1
"""Q9H2K2""",1
"""Q92547""",3
"""Q8N4H5""",1
"""O75509""",1
"""Q8NFZ5""",6
"""O14763""",1
"""O94826""",1
"""Q8IUR0""",1
"""P0DI81""",1
"""O43617""",1
"""Q86SZ2""",1
"""Q15025""",2
"""Q5T215""",1
"""Q06643""",1
"""Q6Q0C0""",1
"""Q15628""",5
"""Q96Q05""",1
"""Q14258""",2
"""O15344""",1
"""Q15650""",1
"""Q9NS68""",1
"""Q9BQ61""",1
"""P01374""",1
"""Q9Y3C4""",1
"""Q13114""",1
"""O14657""",1
"""Q96RU7""",1
"""Q12933""",9
"""P02788""",2
"""Q9Y6Q6""",1
"""O60296""",1
"""Q9Y2L5""",1
"""P19438""",3
"""P36406""",1
"""Q02880""",2
"""O75382""",1
"""P01375""",3
"""Q9NS69""",4
"""P36941""",2
"""P14373""",2
"""Q9Y4K3""",9
"""Q8WVT3""",1
"""Q9Y2W1""",2
"""Q5JTV8""",1
"""Q9UL33""",1
"""O95985""",1
"""Q13049""",2
"""O96008""",3
"""P11388""",5
"""Q13472""",4
"""P11387""",7
"""P20333""",1
"""Q7Z392""",1
"""Q96B49""",1
"""P48553""",1
"""Q9Y5R8""",1
"""Q12888""",4
"""P62995""",3
"""O75865""",1
"""Q9P0U1""",2
"""Q96GM8""",1
"""Q9UPN9""",4
"""Q9UPV9""",4
"""O14787""",1
"""Q15654""",1
"""Q15388""",3
"""Q9Y296""",1
"""P08138""",5
"""O95271""",3
"""P02787""",1
"""Q12931""",1
"""P25445""",4
"""Q15633""",2
"""Q9BZY9""",1
"""O14656""",2
"""Q9NUW8""",1
"""Q8N4P2""",2
"""O75643""",3
"""P07996""",3
"""Q9BX84""",1
"""Q13404""",2
"""Q86VY4""",1
"""Q9Y385""",2
"""Q13507""",2
"""P35442""",1
"""Q8TBC4""",1
"""Q7Z4L5""",1
"""P48995""",5
"""Q92574""",3
"""Q9HCX4""",1
"""P49427""",2
"""Q6IQ55""",1
"""P26651""",3
"""Q15029""",4
"""Q16560""",2
"""P68036""",1
"""P02766""",1
"""Q13454""",1
"""Q01081""",5
"""P61077""",1
"""P29597""",1
"""Q6PGP7""",1
"""Q9HBA0""",3
"""O43914""",1
"""P49459""",1
"""P62837""",1
"""Q99816""",2
"""P40222""",1
"""Q15819""",2
"""Q9GZX9""",2
"""Q9Y4A5""",21
"""Q8TAM2""",3
"""P83876""",1
"""P25490""",7
"""Q9UBN4""",1
"""Q63HK5""",1
"""P49815""",6
"""P51965""",1
"""Q05086""",2
"""Q01534""",2
"""Q15696""",1
"""O95859""",1
"""Q96QT4""",1
"""Q86TV6""",1
"""P26368""",4
"""P61088""",3
"""P63279""",2
"""Q9BSL1""",1
"""Q15672""",1
"""Q8IZJ1""",1
"""P30530""",1
"""Q9NPG3""",2
"""O75604""",1
"""Q9P0L0""",1
"""O75317""",2
"""Q5T4S7""",1
"""Q9UPT9""",3
"""O94782""",2
"""P63027""",10
"""P50552""",2
"""Q9P2Y5""",1
"""P11473""",2
"""Q495M9""",1
"""Q9BZM4""",1
"""Q9Y6N9""",2
"""O60504""",1
"""Q93009""",7
"""Q93008""",1
"""P62760""",1
"""P18206""",2
"""Q8TAA9""",1
"""Q9BZM6""",1
"""P19320""",2
"""P00749""",3
"""P38606""",1
"""P21281""",1
"""P27449""",1
"""P08670""",1
"""P61421""",1
"""P23763""",2
"""P40337""",7
"""Q8IYT8""",1
"""P45880""",1
"""P15498""",3
"""O95071""",2
"""O75379""",3
"""O75445""",1
"""P62068""",2
"""P11441""",1
"""P09936""",2
"""O95292""",1
"""P35916""",2
"""Q13564""",1
"""Q03405""",6
"""Q96RL1""",2
"""P22415""",1
"""Q92575""",1
"""Q8TEY7""",1
"""Q69YN4""",2
"""P21796""",5
"""Q9BV40""",2
"""P49767""",3
"""Q9ULK5""",2
"""Q6UXZ4""",1
"""P35968""",6
"""Q9UMX0""",2
"""P51809""",1
"""Q00341""",2
"""O75385""",5
"""P15692""",1
"""Q15853""",1
"""Q15836""",5
"""Q9BZM5""",1
"""Q92890""",2
"""O43915""",3
"""Q14157""",3
"""Q9UHD9""",1
"""P46939""",1
"""Q86UX7""",1
"""O95619""",3
"""Q9P253""",7
"""P42768""",4
"""Q9ULM3""",2
"""Q8IZH2""",1
"""Q9BV38""",3
"""Q96AX1""",2
"""Q641Q2""",1
"""Q14191""",4
"""A8K0Z3""",4
"""P55060""",1
"""Q9Y6I7""",1
"""Q9Y4E1""",4
"""Q8N1B4""",2
"""P98170""",3
"""Q92889""",3
"""P46937""",3
"""Q15906""",2
"""Q9Y3C0""",2
"""Q9P2L0""",1
"""Q96J92""",1
"""P47989""",1
"""Q2M389""",3
"""Q96P53""",2
"""P04004""",2
"""Q9H270""",5
"""Q7Z3J2""",6
"""Q9BZH6""",1
"""Q8TF30""",2
"""Q8NEZ3""",1
"""Q9GZS3""",3
"""Q9UEU0""",1
"""Q9H7D7""",1
"""P12018""",1
"""Q6UXN9""",2
"""Q9H269""",8
"""Q86VZ2""",1
"""Q9H0D6""",1
"""P07947""",1
"""Q4G0F5""",1
"""Q9H267""",1
"""P61964""",25
"""O75436""",2
"""Q9UBQ0""",3
"""Q9BRG1""",1
"""P67809""",6
"""P12956""",23
"""Q6PJI9""",3
"""Q9H0M0""",1
"""P13010""",21
"""O00401""",3
"""Q8IY57""",1
"""Q9H9H4""",1
"""Q9UID3""",2
"""Q9NQH7""",1
"""Q9BRX9""",1
"""Q99986""",4
"""Q96AJ9""",2
"""Q86VN1""",1
"""Q5VIR6""",2
"""Q9HAV4""",1
"""O15537""",1
"""Q9Y2W2""",1
"""Q9H4A3""",3
"""Q9UPY6""",2
"""Q9GZL7""",2
"""P04275""",1
"""Q13426""",5
"""Q96JC1""",3
"""Q9UK41""",2
"""Q9GZV5""",9
"""Q9Y6W5""",3
"""Q8TAF3""",6
"""Q96QK1""",3
"""P23025""",2
"""P16989""",1
"""O14980""",4
"""Q96S15""",3
"""P18887""",7
"""Q8TBZ3""",2
"""O43543""",5
"""A5D8V6""",1
"""Q8N3P4""",1
"""Q9P1Q0""",1
"""P49754""",5
"""Q12768""",3
"""O43542""",2
"""Q96JG6""",1
"""Q9HAD4""",2
"""O43516""",4
"""O75717""",1
"""Q9P202""",1
"""Q13105""",2
"""Q5BKZ1""",1
"""Q8TBF4""",1
"""O75362""",5
"""Q5T1R4""",1
"""Q9UDW3""",1
"""O95405""",1
"""Q5T200""",1
"""Q6NZY4""",2
"""P52747""",1
"""P37275""",2
"""Q9HCX3""",1
"""O60315""",2
"""Q8TF47""",1
"""P25311""",1
"""Q70YC5""",1
"""Q14202""",3
"""Q9GZX5""",1
"""Q9H4Z2""",2
"""Q9H6R6""",1
"""P43403""",1
"""Q5D1E8""",1
"""Q96JP5""",1
"""A2A288""",1
"""Q5T4F4""",16
"""Q9Y2X9""",1
"""Q9UBW7""",6
"""O43670""",1
"""Q68DK2""",1
"""P21754""",1
"""Q92618""",2
"""Q9H900""",1
"""Q07157""",4
"""O43264""",2
"""Q9H0D2""",1
"""O43257""",1
"""O95218""",1
"""O95229""",2
"""Q8IYH5""",2
"""Q15942""",1
"""Q5YLB2""",1
"""Q86W51""",1
"""Q6IT96""",3
"""Q5U5U6""",1
"""Q4ZG51""",1
"""A1Z199""",2
"""Q59EJ3""",1
"""Q16198""",1
"""Q9NY11""",1
"""Q3V639""",1
"""Q13745""",1
"""Q13791""",1
"""Q0VAK7""",2
"""Q8IUB6""",1
"""Q6PJ43""",1